event_id,event_type,state,county,region,begin_date,lat,lon,damage_property,deaths_direct,expected_verdict,perturbation_type,claim_text
1151706,Flood,ILLINOIS,KANKAKEE,Midwest,18-JAN-24 11:00:00,41.0694,-87.8164,0.00K,0,supports,none,"A flood occurred in Kankakee, Illinois. The event began on 18-JAN-24 11:00:00 and ended on 26-JAN-24 12:00:00. The cause was ice jam. It was reported near AROMA PARK (41.0694, -87.8164). Flooding was reported of overbank areas along the Kankakee River in Aroma Park. Very cold temperatures led to rapid ice formation on rivers.  Localized flooding due to ice jams occurred along portions of the Kankakee River."
1152067,Flash Flood,NORTH CAROLINA,ORANGE,Southeast,09-JAN-24 17:30:00,35.9213,-79.0573,5.00K,0,supports,none,"A flash flood occurred in Orange, North Carolina. The event began on 09-JAN-24 17:30:00 and ended on 09-JAN-24 19:50:00. The cause was heavy rain. It was reported near CHAPEL HILL (35.9213, -79.0573). Property damage was estimated at 5.00K. Broadcast media reports indicated flooding along Umstead Drive between Village Drive and Greene Street. A potent area of low pressure moved through the Gulf Coast states into the Southeast United States. Widespread gusty winds developed across North Carolina ahead of this low, and a line of showers and thunderstorms swept through North Carolina during the afternoon and evening hours. Widespread tree damage was associated with this event, both within the gradient winds ahead of the thunderstorms, and the convective line itself."
1154701,Flood,ALABAMA,BLOUNT,Gulf Coast,01-MAR-24 09:00:00,33.8411,-86.7578,0.00K,0,supports,none,"A flood occurred in Blount, Alabama. The event began on 01-MAR-24 09:00:00 and ended on 01-MAR-24 12:00:00. The cause was heavy rain. It was reported near NYOTA (33.8411, -86.7578). Up to 4 inches of rainfall across southern Blount County during the morning led to several flooded roadways, including Highway 75 and House Rd near Remlap, River Rd near Highland Lake, and Fall Branch Rd along the Blount/St. Clair county line. A shortwave trough approaching the Mississippi Valley from the central Great Plains, along with a surface low in the northwestern Gulf of Mexico and stationary boundary along the Gulf Coast, contributed to widespread showers moving across Central Alabama during the morning hours of March 1. A ridge located over the East Coast promoted easterly surface winds across the area, with temperatures in the upper 40s to lower 50s. A particularly heavy band of rain, oriented from southern Lamar County to northern Jefferson County to Cherokee County, dropped as much as 3-4 inches of rain, locally up to 5 inches, across a narrow swath. This resulted in numerous flooded roadways, mainly along waterways and in low lying areas, where drainage was slower to occur."
1155435,Flood,MAINE,CUMBERLAND,Other,10-MAR-24 08:30:00,43.77,-70.3,0.00K,0,supports,none,"A flood occurred in Cumberland, Maine. The event began on 10-MAR-24 08:30:00 and ended on 10-MAR-24 10:45:00. The cause was heavy rain. It was reported near WEST FALMOUTH CORNER (43.77, -70.3). Flooding caused Route 26 in Falmouth to close following approximately 3 inches of rainfall. A multifaceted storm brought strong winds and heavy rain to the coast, and heavy snow to the mountains on March 10th.  A period of heavy rain between daybreak and noon caused excessive runoff and flash flooding in parts of Cumberland County where rainfall totals exceeded 3 inches. Elsewhere, the rain and snowmelt combination resulted in minor river flooding and nuisance overland standing water.  Gale force easterly winds accompanied the low with the strongest winds occurring before high tide. The resultant storm tide reached 13.32 feet. This represented the eighth highest storm tide on record in Portland Harbor (1912 to present) and the third top ten storm tides for the year.  High astronomical tides combined with strong onshore flow and storm surge to bring mostly minor coastal flooding to the Maine coast along with some localized areas of moderate flooding."
1157387,Flood,NORTH CAROLINA,ALLEGHANY,Southeast,09-JAN-24 16:00:00,36.4848,-81.0063,0.00K,0,supports,none,"A flood occurred in Alleghany, North Carolina. The event began on 09-JAN-24 16:00:00 and ended on 09-JAN-24 19:00:00. The cause was heavy rain. It was reported near GLADE VLY (36.4848, -81.0063). Brush Creek was observed flowing across the bridge on Scenic Valley Road.  No damage was reported and the road was reopened to traffic after the flooding receded. Multiple personal weather stations in the area reported 2 to locally 4 inches of rainfall within a 12-hour period ending 4 pm EST on the 9th. A deep, negatively tilted upper level trough and associated occluded front passed from the central Mississippi River Valley on January 9th toward the lower New England region by the morning of the 10th. Strong southerly wind flow ahead of the upper trough carried deep moisture from the Gulf of Mexico northward into the Carolinas and the lower Mid-Atlantic. Precipitable water values ranged from 1.2 inches to nearly 1.5 inches across northwest North Carolina by early afternoon on the 9th, or anywhere between two and three standard deviations above normal for January. Precipitation fell mainly as rain during a 12 to 15 hour period on the 9th, mostly at rates of a half inch per hour or less. However, a convective band pushed across the foothills and Piedmont off North Carolina during the afternoon, producing rates of locally two inches per hour. Rainfall totals varied from around 2 inches to locally in excess of 4 inches for the northwest portion of the state, with the highest totals occurring along the crest of the Blue Ridge, as well as across the foothills.  These amounts ranged mainly between 2-year and 5-year average recurrence intervals for a 12 hour duration per NOAA Atlas 14 Point Precipitation Frequency estimates. Given that multiple precipitation events, having passed across the region since late November 2023, had allowed stream flows and soil moisture to improve from Severe Drought conditions, the region was more susceptible to flooding. The long-duration rainfall event allowed streams to rise gradually, making for numerous instances of mainly minor areal and riverine flooding. However, flash flooding occurred across the Piedmont in the wake of the convective band. Multiple roads and bridges were reported flooded and impassible because of the rainfall, with a few becoming damaged."
1157595,Flood,NORTH CAROLINA,SURRY,Southeast,09-JAN-24 13:44:00,36.3732,-80.5059,0.00K,0,supports,none,"A flood occurred in Surry, North Carolina. The event began on 09-JAN-24 13:44:00 and ended on 09-JAN-24 17:30:00. The cause was heavy rain. It was reported near PILOT MTN (36.3732, -80.5059). Rainfall amounts of around 2.5 inches were observed over a 10-hour period near the community of Pilot Mountain, NC.  Runoff from this rainfall caused Highway 268 to become flooded and impassible near the intersection with Whitaker Road.  No damage was reported and the road was open to traffic once the flooding receded. A deep, negatively tilted upper level trough and associated occluded front passed from the central Mississippi River Valley on January 9th toward the lower New England region by the morning of the 10th. Strong southerly wind flow ahead of the upper trough carried deep moisture from the Gulf of Mexico northward into the Carolinas and the lower Mid-Atlantic. Precipitable water values ranged from 1.2 inches to nearly 1.5 inches across northwest North Carolina by early afternoon on the 9th, or anywhere between two and three standard deviations above normal for January. Precipitation fell mainly as rain during a 12 to 15 hour period on the 9th, mostly at rates of a half inch per hour or less. However, a convective band pushed across the foothills and Piedmont off North Carolina during the afternoon, producing rates of locally two inches per hour. Rainfall totals varied from around 2 inches to locally in excess of 4 inches for the northwest portion of the state, with the highest totals occurring along the crest of the Blue Ridge, as well as across the foothills.  These amounts ranged mainly between 2-year and 5-year average recurrence intervals for a 12 hour duration per NOAA Atlas 14 Point Precipitation Frequency estimates. Given that multiple precipitation events, having passed across the region since late November 2023, had allowed stream flows and soil moisture to improve from Severe Drought conditions, the region was more susceptible to flooding. The long-duration rainfall event allowed streams to rise gradually, making for numerous instances of mainly minor areal and riverine flooding. However, flash flooding occurred across the Piedmont in the wake of the convective band. Multiple roads and bridges were reported flooded and impassible because of the rainfall, with a few becoming damaged."
1159312,Flood,VIRGINIA,PITTSYLVANIA,Southeast,09-JAN-24 14:20:00,36.7486,-79.5431,0.00K,0,supports,none,"A flood occurred in Pittsylvania, Virginia. The event began on 09-JAN-24 14:20:00 and ended on 09-JAN-24 18:30:00. The cause was heavy rain. It was reported near SWANSONVILLE (36.7486, -79.5431). Up to 1.75 inches of rainfall occurring over a roughly 10-hour period caused Strawberry Creek to overflow its banks and flow across Country Road.  No damage was reported and the road was open to traffic after the flooding receded. A deep, negatively tilted upper level trough and associated occluded front passed from the central Mississippi River Valley on January 9th toward the lower New England region by the morning of the 10th.  Strong southerly wind flow ahead of the upper trough carried deep moisture from the Gulf of Mexico northward into the Carolinas and the lower Mid-Atlantic.  Precipitable water values ranged from 1.1 inches across north-central Virginia to nearly 1.5 inches over the border between Virginia and North Carolina by early afternoon on the 9th, or anywhere between two and three standard deviations above normal for January.  Precipitation fell mainly as rain during a 12 to 15 hour period on the 9th, mostly at rates of a half inch per hour or less.  However, a convective band pushed from North Carolina across the foothills and Piedmont of southern Virginia during the afternoon, producing rates of locally two inches per hour.  Rainfall totals varied from 1.5 to 2.5 inches for portions of Virginia located west of the Blue Ridge Parkway, and between 2.5 and 3.5 inches along and further east of the parkway, averaging between 2-year and 5-year precipitation totals for a 12 hour duration per NOAA Atlas 14 Point Precipitation Frequency estimates.  Given that multiple precipitation events having passed across the region since late November 2023 had allowed stream flows and soil moisture to improve from the Moderate to Severe Drought conditions, the region was more susceptible to flooding.  The long-duration rainfall event allowed streams to rise gradually, making for numerous instances of mainly minor areal and riverine flooding.  However, flash flooding occurred across the Piedmont, particularly across Pittsylvania County, in the wake of the convective band.  Multiple roads and bridges were reported flooded and impassible because of the rainfall, with a few becoming severely damaged."
1160803,Flood,NORTH CAROLINA,CALDWELL,Southeast,09-JAN-24 15:00:00,35.933,-81.675,1.00K,0,supports,none,"A flood occurred in Caldwell, North Carolina. The event began on 09-JAN-24 15:00:00 and ended on 10-JAN-24 00:00:00. The cause was heavy rain. It was reported near COLLETTSVILLE (35.933, -81.675). Property damage was estimated at 1.00K. A stream gauge on Johns River in Burke County exceeded its established flood stage, indicating flooding along the river upstream in Caldwell County after 3 to 5 inches of rain fell in the basin in about 12 hours. Highway 90 and Adako Rd were inundated in the Collettsville community. A major/complex frontal system brought widespread rain with embedded thunderstorms to western North Carolina, mainly during the afternoon of the 9th. Widespread rainfall amounts of 3 to 5 inches (with locally higher amounts) in around 12 hours resulted in numerous reports of flooding. Isolated severe thunderstorms also resulted in a number of damaging wind gusts reports over the Piedmont, along with an EF1 tornado that impacted portions of Catawba and Iredell Counties."
1160811,Flash Flood,NORTH CAROLINA,CABARRUS,Southeast,09-JAN-24 16:00:00,35.397,-80.424,3.00K,0,supports,none,"A flash flood occurred in Cabarrus, North Carolina. The event began on 09-JAN-24 16:00:00 and ended on 09-JAN-24 21:00:00. The cause was heavy rain. It was reported near MT PLEASANT (35.397, -80.424). Property damage was estimated at 3.00K. Stream gauges on the Rocky River above Irish Buffalo Creek and on Back Creek indicated flash flooding developed along multiple tributaries of the river, including Irish Buffalo Creek and Dutch Buffalo Creek after 3 to 5 inches of rain fell across Cabarrus County in about 12 hours. Multiple roads were inundated, including Stallings Rd, Poplar Tent Rd, Bowman-Berrier Rd, Mount Pleasant Rd, Highway 200, and Stough Rd. A major/complex frontal system brought widespread rain with embedded thunderstorms to western North Carolina, mainly during the afternoon of the 9th. Widespread rainfall amounts of 3 to 5 inches (with locally higher amounts) in around 12 hours resulted in numerous reports of flooding. Isolated severe thunderstorms also resulted in a number of damaging wind gusts reports over the Piedmont, along with an EF1 tornado that impacted portions of Catawba and Iredell Counties."
1160845,Flash Flood,SOUTH CAROLINA,OCONEE,Southeast,09-JAN-24 12:00:00,34.68,-83.119,5.00K,0,supports,none,"A flash flood occurred in Oconee, South Carolina. The event began on 09-JAN-24 12:00:00 and ended on 09-JAN-24 15:00:00. The cause was heavy rain. It was reported near WESTMINSTER (34.68, -83.119). Property damage was estimated at 5.00K. Public reported (via Social Media) flash flooding developed across central Oconee County, particularly in the urban areas around Seneca and Westminster after 3 to 5 inches of rain fell in around 12 hours. Multiple roads were inundated and impassable due to a combination of small stream flooding and poor drainage. A major/complex frontal system brought widespread rain with embedded thunderstorms to upstate South Carolina, mainly during the late morning and afternoon of the 9th. Widespread rainfall amounts of 3 to 5 inches (with locally higher amounts) in around 12 hours resulted in numerous reports of flooding. Isolated severe thunderstorms also resulted in a a few damaging wind gusts reports over the Piedmont."
1160978,Flood,GEORGIA,HABERSHAM,Southeast,09-JAN-24 12:00:00,34.622,-83.528,1.00K,0,supports,none,"A flood occurred in Habersham, Georgia. The event began on 09-JAN-24 12:00:00 and ended on 09-JAN-24 21:00:00. The cause was heavy rain. It was reported near CLARKESVILLE (34.622, -83.528). Property damage was estimated at 1.00K. A stream gauge on the Soque River in Clarkesville exceeded its established flood stage after 3 to 5 inches of rain fell throughout the basin in 12 to 18 hours. Pitts Park in Clarkesville was inundated. A major/complex frontal system brought widespread rain with embedded thunderstorms to northeast Georgia, mainly during the late morning and afternoon of the 9th. Widespread rainfall amounts of 3 to 5 inches (with locally higher amounts) in around 12 hours resulted in flooding along a couple of larger streams."
1161094,Flood,CALIFORNIA,SANTA CLARA,West,02-MAR-24 06:46:00,37.3325,-122.0564,0.00K,0,supports,none,"A flood occurred in Santa Clara, California. The event began on 02-MAR-24 06:46:00. The cause was heavy rain. It was reported near MONTA VISTA (37.3325, -122.0564). Flooding in the middle of the roadway of northbound Interstate 280 north of California Highway 85. A cold front moved through central California on March 1 and 2, with gusty winds and scattered thunderstorms. Radar indicated rotation in Monterey Bay would result in the first Tornado Warnings issued by the Monterey/San Francisco Bay Area office since March 2011. No damage was noted in a subsequent survey."
1162583,Flood,CALIFORNIA,SAN DIEGO,West,05-FEB-24 12:30:00,33.33,-117.24,0.00K,0,supports,none,"A flood occurred in San Diego, California. The event began on 05-FEB-24 12:30:00 and ended on 05-FEB-24 14:00:00. The cause was heavy rain. It was reported near WINTERWARM (33.33, -117.24). Flooding spread into the roadway at South Mission Rd and Green Canyon Rd. About 2 to 3 inches of rain fell in the area at the time. An atmospheric river took aim at Southern California for several days starting early on February 4th, with impacts lasting through February 9th. Over a foot of rain fell in some locations, while some areas in the mountains received several feet of accumulating snow, depending on elevation."
1165167,Flash Flood,GEORGIA,PIKE,Southeast,12-FEB-24 05:00:00,33.2065,-84.3998,0.00K,0,supports,none,"A flash flood occurred in Pike, Georgia. The event began on 12-FEB-24 05:00:00 and ended on 12-FEB-24 10:00:00. The cause was heavy rain. It was reported near WILLIAMSON (33.2065, -84.3998). The Emergency Manager reported Bethany Church Road, between Dunbar School Road and Jonathans Roost Road, due to high water on local creeks. Radar estimates indicate 4 to 6 inches of rain quickly fell over the area, resulting in the flash flooding. A period of persistent thunderstorms moved through the area with an initial warm front early in the morning and later a weak cold front overnight. Weak instability resulted in mostly benign activity, aside from a single report of each hail and wind damage. Rainfall amounts of 2.5 to 5 inches stretched across central Georgia, with highest amounts along the Georgia-Alabama line, between LaGrange and Columbus. Isolated flash flooding resulted from the heavy rainfall amounts."
1165358,Flash Flood,MISSISSIPPI,HINDS,Gulf Coast,11-FEB-24 21:30:00,32.0526,-90.3347,1.00K,0,supports,none,"A flash flood occurred in Hinds, Mississippi. The event began on 11-FEB-24 21:30:00 and ended on 11-FEB-24 22:45:00. The cause was heavy rain. It was reported near MANCURE (32.0526, -90.3347). Property damage was estimated at 1.00K. Portions of Old Highway 51 at the Hinds-Copiah county line were flooded with 6 inches of water. Severe thunderstorms occurred across portions of Mississippi along a stalled frontal boundary that had settled into the area."
1166028,Flash Flood,NEBRASKA,WAYNE,Other,16-APR-24 10:55:00,42.1902,-97.1562,2000.00K,0,supports,none,"A flash flood occurred in Wayne, Nebraska. The event began on 16-APR-24 10:55:00 and ended on 16-APR-24 13:00:00. The cause was heavy rain. It was reported near WINSIDE (42.1902, -97.1562). Property damage was estimated at 2000.00K. The Wayne County EM reported street flooding in Winside. At midnight on the 16th, non-severe thunderstorms were ongoing across portions of northeast Nebraska and western Iowa. With these storms being rooted in a nearly stationary boundary co-located with the exit region of a low-level jet, this area saw prolonged periods of moderate to heavy rain. This resulted in isolated instances of flash flooding, especially for rural portions of western Wayne County where several roads were reported under water.||By 4 am, A round of strong to severe thunderstorms entered eastern Nebraska from the west and south. These storms were co-located with a tongue of enhanced instability and low-level shear as the surface low occluded in central Nebraska. Scattered instances of damaging wind and continued isolated flooding were reported through the early morning hours.||While the main round of thunderstorms continued east into Iowa and Missouri by late morning, continued redevelopment of thunderstorms persisted through the afternoon hours across portions of northeast Nebraska. This resulted from forcing for ascent and steep lapse rates associated with the cut-off low lingering in central Nebraska. Just before noon through the early afternoon hours on the 16th, the Omaha-Valley NWS received reports of funnel clouds and brief spin-up tornadoes associated with these storms. NWS damage surveys concluded that there were 4 EF-0 tornadoes, two in Platte County and two in Colfax County. Scattered showers and storms lingered across the area through the evening of the 16th as the low-pressure system weakened and slowly moved northeast into the upper Midwest."
1168292,Flash Flood,TEXAS,TAYLOR,Gulf Coast,07-MAR-24 12:54:00,32.4,-99.76,0.00K,0,supports,none,"A flash flood occurred in Taylor, Texas. The event began on 07-MAR-24 12:54:00. The cause was heavy rain. It was reported near WYLIE (32.4, -99.76). The public reported flash flooding. Strong to severe thunderstorms produced isolated large hail across portions of the Heartland as well as  flash flooding in portions of Taylor and Callahan counties."
1171768,Flood,PENNSYLVANIA,FAYETTE,Northeast,03-APR-24 07:30:00,39.7423,-79.4413,0.00K,0,supports,none,"A flood occurred in Fayette, Pennsylvania. The event began on 03-APR-24 07:30:00 and ended on 03-APR-24 11:30:00. The cause was heavy rain. It was reported near MARKLEYSBURG (39.7423, -79.4413). Caney Valley Road partially flooded with one bridge under water near Henry Clay Township. Several rounds of showers and thunderstorms prompted a widespread flash flood problems across the Ohio River Valley on April 2nd to April 3rd. The synoptic pattern across the CONUS was a slow moving and deep elongated trough over the Great Plains phasing with a ejecting trough over the Midwest that created an area of converging moisture over eastern Ohio and western Pennsylvania. Overall, over a span of 4 days, four to five an half inches of rain fell across the region. Not only was small tributaries impact, but the main river reached moderate flood stage. ||Along with flooding, there was a brief period of severe storms that tracked along eastern Ohio on the evening of April 2nd. A number of tornadoes touched down and were surveyed. Special soundings released by PBZ and ILN depict effective instability over eastern Ohio (1200J/kg to 1700J/kg), effective low-level shear (+50kts), and low-level helicity (300m2/s2) for rotating updrafts just before storms tracked through the area."
1172437,Flash Flood,GEORGIA,BAKER,Southeast,10-APR-24 20:45:00,31.37,-84.63,0.00K,0,supports,none,"A flash flood occurred in Baker, Georgia. The event began on 10-APR-24 20:45:00 and ended on 11-APR-24 02:15:00. The cause was heavy rain. It was reported near CRESTVIEW (31.37, -84.63). Flooding was reported on Hamill Road about 1 mile south of Patmos Milford Highway. A major flash flood event occurred across portions of the Florida big bend and southern Georgia during the late night hours of April 10th through the early morning hours of April 11th.  Between 6 and 10 inches of rain fell with localized higher amounts, particularly over Tallahassee.  This resulted in rapid water rises across Tallahassee with numerous cars and structures flooded.  Several million dollars in flood damage occurred.  The Godby High School campus was flooded in Tallahassee, resulting in at least $250K in damage just to that school.  Surrounding rural areas of the Florida big bend and southern Georgia also saw numerous flooded roadways. The Lowndes County, GA area including Valdosta saw at least 70 locations with water covering roadways.  The primary cause of the event was a slow moving line of thunderstorms that trained repeatedly over the same locations."
1173713,Flash Flood,TEXAS,NEWTON,Gulf Coast,10-APR-24 01:28:00,30.6355,-93.8182,0.00K,0,supports,none,"A flash flood occurred in Newton, Texas. The event began on 10-APR-24 01:28:00 and ended on 10-APR-24 03:28:00. The cause was heavy rain. It was reported near TROUT CREEK (30.6355, -93.8182). Deputy reports around Trout Creek indicated 4 to 5 inches of water over area roads. A strong upper low forced a round of severe thunderstorms across the region. Flooding, high wind gusts, hail, and tornadoes occurred in Southeast Texas as a result of this system."
1179449,Flash Flood,CONNECTICUT,HARTFORD,Northeast,21-JUN-24 16:25:00,41.8096,-72.8305,0.00K,0,supports,none,"A flash flood occurred in Hartford, Connecticut. The event began on 21-JUN-24 16:25:00 and ended on 21-JUN-24 17:25:00. The cause was heavy rain. It was reported near AVON (41.8096, -72.8305). In Avon, parts of Rt 44 had flooding with water covering the road. Two rounds of thunderstorms brought damaging winds and isolated flash flooding to Connecticut in the afternoon and evening."
1182085,Flash Flood,NEBRASKA,CHEYENNE,Other,14-JUN-24 18:57:00,41.3284,-102.9981,0.00K,0,supports,none,"A flash flood occurred in Cheyenne, Nebraska. The event began on 14-JUN-24 18:57:00. The cause was heavy rain. It was reported near GURLEY (41.3284, -102.9981). Numerous reports of flooding along Road 50 north of Gurley. Nearly every quarter to half mile was flooded with water flowing over the roadway. Multiple rounds of training thunderstorms produced an extended period of torrential rainfall across Cheyenne and Morrill counties from the mid to late afternoon into the early evening hours on 6/14. Numerous reports were received of rainfall amounts ranging from 3 to 5 inches in a short period of time, resulting in flash flooding of several county roads due to creeks and streams flowing out of their banks and ditches quickly filling up."
1185225,Flash Flood,TEXAS,BROWN,Gulf Coast,04-MAY-24 23:45:00,31.96,-98.92,0.00K,0,supports,none,"A flash flood occurred in Brown, Texas. The event began on 04-MAY-24 23:45:00. The cause was heavy rain. It was reported near MAY (31.96, -98.92). Texas Department of Transportation reported US 183 from Early to the Brown/Eastland County line had been closed due to flooding. A favorable weather pattern for widespread severe weather was in place across west central Texas during early May. There was an upper level southwest flow and a sharp dryline in the area. Also, extreme instability was present along with strong vertical wind shear during the late afternoon and evening hours. A supercell thunderstorm produced a tornado in Crockett County. Also, severe thunderstorms produced large hail and damaging winds."
1187478,Flash Flood,TEXAS,JOHNSON,Gulf Coast,30-MAY-24 14:45:00,32.38,-97.44,0.00K,0,supports,none,"A flash flood occurred in Johnson, Texas. The event began on 30-MAY-24 14:45:00 and ended on 30-MAY-24 15:45:00. The cause was heavy rain. It was reported near CLEBURNE MUNI ARPT (32.38, -97.44). Emergency management reported that CR 1224 and CR 1121 in Cleburne was closed due to flooding. Another complex of thunderstorms moved southeast through North and Central Texas during the day on May 30, producing scattered wind damage and severe hail along with some flash flooding. A second round of storms initiated along the dryline Thursday evening, producing more severe weather and flash flooding overnight into the early morning hours of May 31. After above normal rainfall throughout the month, grounds were so saturated that it didn't take much to cause flash flooding or knock down trees."
1190188,Flood,IOWA,CLAY,Midwest,17-JUN-24 19:00:00,43.13,-95.29,0.00K,0,supports,none,"A flood occurred in Clay, Iowa. The event began on 17-JUN-24 19:00:00 and ended on 30-JUN-24 23:59:00. The cause was heavy rain. It was reported near EVERLY (43.13, -95.29). The Ocheyedan River near Spencer rose above flood stage the evening of June 17th, cresting around 9.20 feet above flood stage (17.20 feet) on June 22nd.  This crest is in the Major Stage and broke the previous record. The river remained above flood stage into July. For a more comprehensive description of flood damage, please see other entries for Clay County. A wet period allowed for flooding to return to portions of the Little Sioux River. This was capped by a multi-day significant heavy rainfall event between June 20th through June 22nd which brought widespread rain totals between 5 and 10 inches with pockets in excess of 15 inches. As rainfall reached area streams and rivers, major to record flooding was observed, devastating several towns and communities. All river crest information is preliminary until made official by the gauge owner."
1191384,Flash Flood,OHIO,LOGAN,Midwest,05-JUN-24 18:00:00,40.39,-83.78,0.00K,0,supports,none,"A flash flood occurred in Logan, Ohio. The event began on 05-JUN-24 18:00:00 and ended on 05-JUN-24 18:30:00. The cause was heavy rain. It was reported near BELLEFONTAINE (40.39, -83.78). Water was rushing over the roadway. A cold front moved through the Ohio Valley, causing showers and thunderstorms out ahead of it. Some of the storms produced heavy rain and flash flooding."
1195184,Flood,COLORADO,PUEBLO,West,10-JUN-24 15:22:00,38.31,-104.72,0.00K,0,supports,none,"A flood occurred in Pueblo, Colorado. The event began on 10-JUN-24 15:22:00 and ended on 11-JUN-24 14:07:00. The cause was planned dam release. It was reported near PUEBLO WEST (38.31, -104.72). Sustained high flow releases from Pueblo Reservoir led to some minor flooding on the Arkansas River upstream of Pueblo (PDAC2). The peak release of around 6000 cfs led to a river crest of 8.29 ft on June 10. Snowmelt runoff in the upper Arkansas (above Pueblo) and high flow releases from Pueblo Reservoir resulted in minor flooding at numerous forecast points along the Arkansas River."
1195945,Flash Flood,WISCONSIN,PRICE,Midwest,25-JUN-24 00:30:00,45.5337,-90.4911,75.00K,0,supports,none,"A flash flood occurred in Price, Wisconsin. The event began on 25-JUN-24 00:30:00 and ended on 25-JUN-24 07:00:00. The cause was heavy rain. It was reported near CATAWBA (45.5337, -90.4911). Property damage was estimated at 75.00K. The heavy rainfall led to washouts along Highway 111 north of the Needle Creek bridge to US Highway 8 leading to the road to be closed. Thunderstorms developed in the vicinity of a warm front across northwest Wisconsin during the evening hours of the 24th. Storms quickly became severe in a very unstable and highly sheared environment as the grew upscale into a large complex during the late evening and early overnight hours. Damaging wind gusts comprised the majority of reports with numerous trees downed and buildings damaged along with a measured wind gust of 71 mph. A few hail and flash flooding reports were received as well."
1196216,Flash Flood,MINNESOTA,ST. LOUIS,Midwest,18-JUN-24 15:20:00,47.78,-92.42,10.00K,0,supports,none,"A flash flood occurred in St. Louis, Minnesota. The event began on 18-JUN-24 15:20:00 and ended on 18-JUN-24 22:00:00. The cause was heavy rain. It was reported near TOWER MUNI ARPT (47.78, -92.42). Property damage was estimated at 10.00K. Highway 1 between Tower and Cook had spots with water across the road and one spot with only one lane open. There was also a spot on Highway 22 that had water flowing across it and was deeper than the other spots. The spotter lost power to their vehicle after hitting it. On Tuesday, June 18, 2024, a stationary surface front, in conjunction with an anomalously moist airmass over the Northland, resulting in widespread flash flooding. NWS Duluth issued seven Flash Flood Warnings (across much of NE MN and the Bayfield Peninsula), three of which were upgraded to include a considerable tag for life threatening flash flooding. Additionally, severe thunderstorms occurred ahead of the heaviest rainfall, prompting eight Tornado Warnings (near Ely and between Leech Lake and Grand Rapids) and 16 Severe Thunderstorm Warnings. Flash flooding extended from north-central Minnesota to the MN Arrowhead and across Lake Superior to the Bayfield Peninsula. River flooding would continue for weeks after the event, and high water in the Rainy River Basin headwaters would eventually lead to minor flooding after another round of heavy rain in early July. Furthermore, significant tree blowdowns occurred in the Superior National Forest due to damaging wind gusts associated with the storms.||Slow moving heavy rain and thunderstorms tracked across northeastern Minnesota and far northern Wisconsin in the afternoon and evening of Tuesday, June 18, leading to extensive damaging flash flooding that evening, and prolonged areal and river flooding through the end of the week. Scattered rain had been persistent through the day, and then widespread strong storms initiated along a slow moving front with parallel atmospheric flow in the upper atmosphere, allowing for persistent regeneration of thunderstorms over the same area. These storms formed within an environment that was tropical in nature, connected to a surge of moisture that originated in the Gulf of Mexico. This produced torrential downpours that were capable of producing rain rates of 1-5 inches per hour. Several reports from trusted CoCoRaHS observers across Northeast Minnesota reported accumulations of an inch in 15 to 30 minutes. A widespread area of 3 inches or more accumulated by the morning of Wednesday, June 19 - the majority of which had fallen in eight hours or less. Fifteen COOP or CoCoRaHS observers in Northeast Minnesota reported 5 inches or more, with the highest reports over 7 inches. MRMS estimates suggest that a small area of 8 inches or more may have been possible, in an area not verified with official reports. These reports of 5-7.5+ inches were 500 to 1000+ year rainfalls, with only a 0.1-0.2% chance of happening in any given year. Elsewhere, rainfall over 3 inches in a 6-12 hour period were 100-200 year rainfalls (0.5-1% chance in any given year). Full list of rainfall reports here, or below. The area had been primed for a big flash flooding event, thanks to a wet spring (top 10 wettest March-April-May on record in the Northland), and several moderate to heavy rain events earlier in the month of June.||The impacts of this heavy rain were immediate. During flash flooding on the evening of the 18th, roads across the Iron Range, Lake Vermilion area, Twin Ports, MN North Shore, and WI South Shore were quickly covered with standing and running water, closing and washing out Superior National Forest roads (including access roads to the Boundary Waters Canoe Wilderness, which would strand campers), County Highways (primarily across Cass, Itasca, St. Louis, Lake, Cook, and Bayfield Counties), state highways (notably MN Highways 61, 73, and 1 and WI Highway 13), and U.S. highways (including Highway 53 and 169 and Interstate 35). Homes along the Iron Range and near Lake Vermilion were surrounded by water and some washouts led to homes and businesses being cut off entirely. Numerous cars became stranded after driving into floodwaters. Debris washed onto roads, which made for treacherous nighttime driving conditions in combination with floodwaters. Culvert washouts led to crumbling roads under unsuspecting drivers. Severe thunderstorms occurring at the same time led to pockets of wind damage, one of which caused a tree to fall on a tent, injuring a nine year old boy and triggering a search and rescue operation in Cook County. The I-35 tunnels in Duluth filled with several feet of water through the evening and traffic was rerouted off the interstate. ||The next day, widespread overland flooding began to route into creeks, rivers, and lakes on top of the water that had already immediately fallen into area waterways, continuing extreme rises. Some rivers across the headwaters of the Rainy, Littlefork, Cloquet, and St. Louis rivers rose anywhere from 4 to 20 feet, causing rivers to quickly jump out of banks and lead to another period of minor to major flooding. Area inland lakes saw rises of 1 to 7 feet, especially along the Embarrass River chain of lakes near Biwabik, MN, where drinking water was partially affected. Major flooding occurred along the Littlefork River in the city of Cook, where floodwaters inundated downtown, surrounding residences and businesses with several feet of water for several days. Continued erosion from out-of-bank rivers and creeks continued to work away at area roads and highways, prompting additional road closures. High inflow from the Cloquet River led to water level rises on Island Lake Reservoir and subsequent rapid increase in outflow from the Island Lake Dam (up to 7387 cfs, greater than outflow released during historic flooding of June 2012). This led to extensive flooding downstream of the dam on the Cloquet River which inundated area roads and cut off driveways, encroached on railroad tracks, and surrounded private residences on Hunter and Bowman Lakes. Additional rises on the Mississippi River near Aitkin would briefly hit minor flood stage. Slow moving high water in the Rainy River basin eventually led to minor flooding on Crane, Namakan, and Kabetogama Lakes, thanks to an extra burst of heavy rain early in July.||Damage estimates from the event included $10.5 million in St. Louis County, $1.1 million in Itasca and Lake counties, $400 thousand in Aitkin County, and $205 thousand in Cass County. State and Federal disaster declarations were made for the hardest hit areas."
1196681,Flash Flood,TEXAS,VAN ZANDT,Gulf Coast,03-JUN-24 20:15:00,32.5754,-95.8674,20.00K,0,supports,none,"A flash flood occurred in Van Zandt, Texas. The event began on 03-JUN-24 20:15:00 and ended on 03-JUN-24 22:30:00. The cause was heavy rain. It was reported near CANTON VAN ZANDT ARP (32.5754, -95.8674). Property damage was estimated at 20.00K. Water was over both sides of a creek bridge on College Street in Canton, and the road was impassable. Upper level disturbances interacted with leftover surface outflow boundaries from nocturnal MCSs and allowed for scattered strong to severe storms across the region each afternoon from June 1st to June 3rd. A combination of hail, damaging winds, and flash flooding occurred, but an EF-U tornado also occurred in Henderson County on the 3rd. One life was lost June 3rd in Henderson County due to a falling tree in straight-line winds."
1198142,Flash Flood,MINNESOTA,LINCOLN,Midwest,21-JUN-24 19:20:00,44.1954,-96.2989,0.00K,0,supports,none,"A flash flood occurred in Lincoln, Minnesota. The event began on 21-JUN-24 19:20:00 and ended on 21-JUN-24 21:30:00. The cause was heavy rain. It was reported near VERDI (44.1954, -96.2989). Rainfall of 2 to 3 inches in a couple hours on saturated soil resulted in flash flooding. Several roads were inundated near Lake Benton and Verdi. For a more comprehensive description of flood damage, please see other entries for river flooding for Lincoln County. A second mesoscale convective system in as many nights developed across southeast South Dakota and southwest Minnesota in the late afternoon and early evening in response to a weak mid-level wave and warm advection over a stalled frontal boundary to the south. Rainfall rates up to 2 to 3 inches per hour on top of previously saturated soil resulted in local flash flooding."
1198510,Flood,NEBRASKA,SAUNDERS,Other,22-JUN-24 20:06:00,41.4158,-96.6292,1.17M,0,supports,none,"A flood occurred in Saunders, Nebraska. The event began on 22-JUN-24 20:06:00 and ended on 23-JUN-24 03:45:00. The cause was heavy rain. It was reported near CEDAR BLUFFS (41.4158, -96.6292). Property damage was estimated at 1.17M. Crop damage was estimated at 150.00K. Training thunderstorms brought a swath of heavy rain to portions of southern Nebraska, beginning in Dawson County, and expanding into portions of northeast and east-central Nebraska. Areas upstream the Platte River, primarily in Merrick, Howard and Nance counties saw over 5 inches of rain with these storms. As such, this heavy upstream rain in addition to one to two inches of additional rain that fell across Saunders county resulted in the Platte River reaching flood stage. The Platte near the intersection of Dodge, Douglas and Saunders counties crested at 1:15 CDT at 11.89 feet. Flood stage at this portion of the river is 11.0 feet. Flooding was also observed at the Lashara and Venice river gauges, both cresting at 8.6 feet and 15.64 feet respectively. Their respective flood stages are 8.0 feet and 15.5 feet. A series of shortwave troughs traversing the northern CONUS brought unsettled weather to the area for the end of June. On the 21st, a stationary front was draped across northeast Nebraska into Iowa. Ahead of one of the aforementioned shortwave troughs, several rounds of strong thunderstorms developed near this frontal zone and moved across northeast Nebraska. At 8 pm on the 21st, radar imagery showed training thunderstorms had set up across central Nebraska. These storms moved into east-central Nebraska dropping 2 to 6 inches of rain across the Platte River Basin. As a result, minor flooding was observed along the Platte River in Dodge, Saunders, Douglas and Sarpy Counties. Further north in Knox County, additional rounds of thunderstorms brought flooding to the Ponca Creek, prompting emergency management to deploy sand bags. Flooding in these locations continued for several days before subsiding the 23rd.||Behind this first shortwave, a shortwave ridge moved out into the central Plains accompanied by a surface high pressure system. Afternoon high temperatures in the 90s and dew points in the mid and upper 70s brought excessive heat to much of eastern Nebraska and western Iowa the afternoons of the 24th and the 25th. Excessive heat was most widespread on the 24th, with heat indices across the entire WFO ranging from 107 to 120 degrees. Afternoon thunderstorms on the 25th mitigated excessive heat, though heat indices did hit 110 in far southwest Iowa. The Nebraska Department of Health and Human Services reported 80 heat related hospitalizations across the state during this period of excessive heat. While many of the 19 counties reporting these cases masked the exact number of hospitalizations in order to protect personal health information, it was released that there were 37 heat related hospitalizations in Douglas County, 13 in Lancaster County, and 7 in Sarpy County. The vast majority of these heat related illnesses (66.25%) occurred at work or while participating in outdoor recreation. 12.5% were among the homeless population, and 8.75% of heat related hospitalizations were due to a lack of air conditioning. Furthermore, the age group most impacted by heat related illness for this event were between the ages of 20 and 29, accounting for 30% of heat related hospitalizations in the state.||On the 25th, another shortwave trough brought more unsettled weather to the region. A surface front was draped across eastern Nebraska and western Iowa when the first convection initiated over downtown Omaha. This storm quickly became intense producing multiple instances of 3 to 4 inch hail in the Omaha metro. As this storm weakened over eastern Sarpy County, additional strong to severe thunderstorms developed across northeast Nebraska. While the most widespread hazard was large hail up to the size of golf balls, two tornadoes were confirmed in Madison County. Later that evening, a bow echo developed and moved through the northern Omaha Metro, bringing wind gusts up to 90 miles per hour at Eppley Airfield and into northern Pottawattamie County. An additional line of storms developed after dark that night across southeast Nebraska and produced scattered damaging wind gusts, the highest of which was an 83 mph wind gust measured by emergency management in Jefferson County.||The unsettled weather at the end of June brought widespread excessive rain to much of southeast South Dakota and Northwest Iowa. Rainfall estimated from these storms showed a swath of 4 to 8 inches of rain that fell between Sioux Falls and Sioux City. The result of this rain and additional rain across eastern Nebraska and western Iowa was river flooding along the Missouri and Little Sioux the last week of June and into July. Flooding during this time frame resulted in numerous road closures, including I-29 between Council Bluffs and Missouri Valley. This stretch of the interstate was closed beginning midnight the night of the 25th, and remained closed through the end of the month. Levee breaches in Monona County on the 25th prompted several evacuations, as resultant flash flooding inundated multiple county roads and homesteads. No injuries or fatalities were reported from this. While flooding subsided in and north of the Omaha metro by the end of the month, river flooding along the Missouri persisted into the first week of July."
1202030,Flash Flood,VERMONT,CALEDONIA,Other,10-JUL-24 20:26:00,44.2528,-72.2967,500.00K,1,supports,none,"A flash flood occurred in Caledonia, Vermont. The event began on 10-JUL-24 20:26:00 and ended on 10-JUL-24 23:26:00. The cause was heavy rain / tropical system. It was reported near RICKER MILLS (44.2528, -72.2967). Property damage was estimated at 500.00K. There were 1 direct deaths and 0 direct injuries. CoCoRaHS observer reported flash flooding along Depot Brook in Groton. NWS Storm surveys the following morning confirmed additional, and in some cases severe flash flooding in Groton, particularly along stretches of US Route 302. Here, several tributaries to the adjacent Wells River damaged the road, driveways and some structures. The remnants of TS Beryl combined with deep tropical moisture and a stationary front draped across the region produced multiple rounds of heavy showers and storms. This led to numerous reports of flash flooding, some locally severe across a roughly 50 mile swath through Chittenden, Washington, Lamoille, Caledonia, Orleans and Essex Counties."
1204218,Flood,WISCONSIN,VERNON,Midwest,15-JUL-24 05:10:00,43.5033,-90.6688,0.00K,0,supports,none,"A flood occurred in Vernon, Wisconsin. The event began on 15-JUL-24 05:10:00 and ended on 16-JUL-24 19:00:00. The cause was heavy rain. It was reported near KICKAPOO CENTER (43.5033, -90.6688). Significant rainfall during the middle of July pushed the Kickapoo River at  Viola into flood stage on July 15th. The river stage crested during the late morning on July 16th in minor flood stage at 15.46 ft. Rounds of thunderstorms during the middle of July led to increased runoff across portions of western Wisconsin. As a result, several river basins rose into flood stage with the passage of these storms. Most notably, the Kickapoo River at Ontario entered major flood stage with a river stage of just under 20 feet."
1207316,Flash Flood,SOUTH CAROLINA,GEORGETOWN,Southeast,06-AUG-24 10:16:00,33.5565,-79.0624,1.00K,0,supports,none,"A flash flood occurred in Georgetown, South Carolina. The event began on 06-AUG-24 10:16:00 and ended on 06-AUG-24 11:16:00. The cause was heavy rain / tropical system. It was reported near MURRELLS INLET (33.5565, -79.0624). Property damage was estimated at 1.00K. Flash flooding along Wachesaw Road in Murrells Inlet. Mesonet reports show that over 4 inches of rain had fallen in that area over the previous 5-6 hours. After making landfall in the Big Bend area of Florida as a Category 1 hurricane on August 5, Debby weakened to a tropical storm as it slowly moved across southeastern Georgia and offshore before making another landfall along the central SC coast between Charleston and Georgetown. The storm then moved northwest to near the SC/NC border and weakened to a tropical depression on August 8 before quickly becoming a non-tropical low pressure system. The storm's main impact across northeastern SC was flash/river flooding from heavy rainfall but tropical storm force wind gusts and minor coastal flooding also occurred."
1208718,Flash Flood,OHIO,SCIOTO,Midwest,27-SEP-24 14:30:00,38.8392,-82.7671,0.00K,0,supports,none,"A flash flood occurred in Scioto, Ohio. The event began on 27-SEP-24 14:30:00 and ended on 27-SEP-24 15:30:00. The cause was heavy rain. It was reported near PINKERMAN (38.8392, -82.7671). High water was flowing across Neff Bratton Road near Bennett School House Road. The remnants of Hurricane Helene moved through the Ohio Valley during the day."
1211657,Flash Flood,NEW YORK,OSWEGO,Northeast,09-AUG-24 15:00:00,43.3366,-76.4505,0.00K,0,supports,none,"A flash flood occurred in Oswego, New York. The event began on 09-AUG-24 15:00:00 and ended on 09-AUG-24 16:00:00. The cause was heavy rain. It was reported near GRANBY CENTER (43.3366, -76.4505). A few roads closed in the Town of Granby due to Flash Flooding. The remnants of Tropical Cyclone Debby tracked northeast across Central New York on Friday August 9. As the system tracked across the region, heavy rain pushed into parts of the forecast area, with the heaviest rain falling over the Southern Tier, Finger Lakes and up to the North Central New York areas. Flash Flooding was the primary threat from the remnants of the system, but some strong to severe thunderstorms also occurred over portions of the area.||Several reports of Flash Flooding were received from across the NWS Buffalo forecast area, with portions of the Southern Tier hit particularly hard."
1212046,Flash Flood,FLORIDA,COLLIER,Gulf Coast,04-AUG-24 16:50:00,25.9457,-81.7394,0.00K,0,supports,none,"A flash flood occurred in Collier, Florida. The event began on 04-AUG-24 16:50:00 and ended on 04-AUG-24 19:00:00. The cause was heavy rain / tropical system. It was reported near MARCO (25.9457, -81.7394). Collier County emergency management reported that in Marco Island an estimated 50 to 70 vehicles were stranded due to flooded roadways and there was flood water intrusion in some low-lying buildings and coastal structures up to 6 inches deep. NWS survey and damage assessments by local officials indicated that flood inundation was mainly 1-2 feet from a mix of rainfall and storm surge. The center of Debby passed about 140 miles west of Naples as a tropical storm moving north-northwest over the eastern Gulf of Mexico around 8 AM EDT on August 4th. Tropical Storm Debby intensified into a hurricane as it passed southwest of Tampa late August 4th before making landfall in the Florida Big Bend area as a Category 1 hurricane on the morning of August 5th, with maximum sustained winds of 80 mph and lowest central pressure of 979 mb. The outermost edge of Debby's tropical storm force wind field skirted the southwestern Florida Gulf coast on August 3rd and 4th. bringing brief tropical storm force wind gusts to most of the area. The most persistent rain bands moved over western, southern, and central sections of Collier County on August 4th, producing near-tropical storm conditions and rainfall of 4-6 inches. A storm surge of just over 3 feet, in combination with the high rainfall amounts, led to moderate coastal flooding in vulnerable storm surge locations in coastal Collier County during the high tide cycle on August 4th. The heavy rainfall also caused widespread minor to moderate inland flooding across the Naples and Golden Gate areas.||The combination of heavy rainfall and storm surge caused a total of $877,947 in damage in unincorporated sections of Collier County (excluding the cities of Marco Island, Everglades City, and Naples), with 6 properties suffering major damage and 31 with minor damage."
1212497,Flood,VIRGINIA,RADFORD (C),Southeast,27-SEP-24 05:45:00,37.0763,-80.5841,0.00K,0,supports,none,"A flood occurred in Radford (C), Virginia. The event began on 27-SEP-24 05:45:00 and ended on 29-SEP-24 01:16:00. The cause was heavy rain / tropical system. It was reported near RADFORD (37.0763, -80.5841). The New River at Radford (RDFV2) crested at 31.03 feet (170,159 cfs) at 4:00 AM EDT on Sept. 28th (28/0800 UTC) due to heavy rain associated with Tropical Cyclone Helene. This is the 4th highest crest in the history of this gage, behind the flooding events of August 1940 (1st at 38.10 ft) and July 1916 (2nd at 34.80 ft). This crest rates nearly a 100-year Average Recurrence Interval (ARI), or a 0.5% Annual Exceedance Probability per USGS StreamStats. The flooding was the result of between 10 and locally 20 inches of rain that fell across the upper New River basin between the 25th and 27th, with totals ranging anywhere from between a 200-year and more than a 1,000-year ARI per NOAA Atlas 14 Point Precipitation Frequency estimates. Hurricane Helene made landfall in Florida as a powerful Category 4 hurricane late Thursday, September 26, and moved quickly northward into the southeastern states, and then turned slightly northwestward towards the southern Appalachian Mountains overnight into Friday morning, weakening as it moved over land. Helene���s intensity and fast forward motion led to impacts being felt well inland, from the Florida Big Bend area into the Appalachians, almost only 12 hours after landfall, and there was extensive damage in southwest Virginia. Widespread cellular service and power outages, some lasting for several days, occurred as high winds downed thousands of trees across the region. Winds gusted as high as 55 mph to 65 mph in southwest Virginia. There were three confirmed tornadoes associated with the remnants of Hurricane Helene in the Piedmont of Virginia.  Flooding impacts from Hurricane Helene were extensive across the area, and were exacerbated by a predecessor rainfall event that occurred a day before Helene reached the region, which brought six to eight inches of rain to the mountains prior to the arrival of the remnants of Helene. The three day rainfall totals associated with the remnants of Hurricane Helene were highest Grayson and Smyth Counties, where observations of 10 to locally 15 inches of rain were recorded. The Piedmont of Virginia received much less rain, between one and two inches, with a couple areas around three inches.  Total economic losses for Virginia, which include Virginia���s agriculture, forestry, and other industries, are expected to range between $416 million and $630 million per an economic analysis released by Virginia Tech researchers."
1214491,Flash Flood,VIRGINIA,TAZEWELL,Southeast,31-AUG-24 15:40:00,37.1,-81.8,0.00K,0,supports,none,"A flash flood occurred in Tazewell, Virginia. The event began on 31-AUG-24 15:40:00 and ended on 31-AUG-24 18:00:00. The cause was heavy rain. It was reported near RICHLANDS (37.1, -81.8). Multiple roads within the Town of Richlands, including Highway 460, were flooded with several inches of flowing water when an intense but brief line of thunderstorms passed across the community, producing 1.25 to 1.5 inches of rainfall within a few minutes time. Shortly after two hours had passed, most roads were open to traffic, though at least one still had standing water covering it. Showers and thunderstorms developed over the region within a warm and moist airmass on the east side of a cold front. A few of these thunderstorms increased to severe levels and produced damaging wind gusts with trees being blown down.  One line of storms developed across the northern half of Tazewell County, producing downpours at rates of three to locally five inches per hour. Crest Unit Streamflow north of the Town of Tazewell was indicating returns of between 600 and 750 cfs per mi^2, with three-hour average recurrence intervals of between 75 an 130 years."
1214607,Flash Flood,NEW JERSEY,MORRIS,Northeast,18-AUG-24 18:00:00,40.99,-74.33,0.00K,0,supports,none,"A flash flood occurred in Morris, New Jersey. The event began on 18-AUG-24 18:00:00 and ended on 18-AUG-24 20:00:00. The cause was heavy rain. It was reported near BUTLER (40.99, -74.33). New Jersey state road 23 was flooded causing 2 of 3 southbound lanes to be closed. Waves of showers and thunderstorms ahead of a cold front produced widespread showers and thunderstorms. A few storms produced damaging wind gusts, knocking down trees and power lines across portions of New Jersey."
1214608,Flash Flood,NEW JERSEY,MORRIS,Northeast,18-AUG-24 18:00:00,40.86,-74.58,0.00K,0,supports,none,"A flash flood occurred in Morris, New Jersey. The event began on 18-AUG-24 18:00:00 and ended on 18-AUG-24 20:00:00. The cause was heavy rain. It was reported near DOVER (40.86, -74.58). New Jersey state road 10 was closed in both directions due to flooding. Waves of showers and thunderstorms ahead of a cold front produced widespread showers and thunderstorms. A few storms produced damaging wind gusts, knocking down trees and power lines across portions of New Jersey."
1214609,Flash Flood,NEW JERSEY,SOMERSET,Northeast,18-AUG-24 18:40:00,40.57,-74.59,0.00K,0,supports,none,"A flash flood occurred in Somerset, New Jersey. The event began on 18-AUG-24 18:40:00 and ended on 18-AUG-24 20:00:00. The cause was heavy rain. It was reported near SOMERVILLE (40.57, -74.59). Adamsville Road between Union Avenue and US highway 22 was closed in both directions due to flooding. Waves of showers and thunderstorms ahead of a cold front produced widespread showers and thunderstorms. A few storms produced damaging wind gusts, knocking down trees and power lines across portions of New Jersey."
1214885,Flash Flood,NORTH CAROLINA,BURKE,Southeast,08-AUG-24 15:00:00,35.669,-81.654,1.00K,0,supports,none,"A flash flood occurred in Burke, North Carolina. The event began on 08-AUG-24 15:00:00 and ended on 08-AUG-24 19:00:00. The cause was heavy rain. It was reported near ENOLA (35.669, -81.654). Property damage was estimated at 1.00K. County comms and a stream gage indicated flash flooding developed across the Hunting Creek basin after 3.5 to 4.5  inches of rain fell across the area in association with the remnants of Tropical Storm Debby, with much of that falling within a 2-4 hour window during the afternoon if the 8th. Portions of Enola Rd, Mountain Home Church Rd, and Coal Chute Rd were inundated by water from Hunting Creek or one of its tributaries. The remnants Tropical Storm Debby made landfall in the Florida Big Bend on the 5th, lifted steadily northeast across southeast Georgia before turning north through the South Carolina coastal plain and the North Carolina Piedmont on the 7th and 8th. Rainfall amounts of 4 to 7 inches with locally higher amounts resulted in flash flooding across portions of western North Carolina.  In addition, very gusty winds caused scattered downed trees, which resulted in sporadic damage to structures."
1217654,Flash Flood,IDAHO,IDAHO,Other,16-SEP-24 18:18:00,45.6146,-115.1569,0.00K,0,supports,none,"A flash flood occurred in Idaho, Idaho. The event began on 16-SEP-24 18:18:00 and ended on 16-SEP-24 21:18:00. The cause was heavy rain / burn area. It was reported near RED RIVER HOT SPGS (45.6146, -115.1569). Radar and local mesonet observations indicate 0.75 to 1.00 inch of rain fell over 30 minutes across the Elkhorn burn scar. Large debris flows and scour paths occurred across the Salmon River Trail #096 for about 2.5 miles between Bargamin and Rattlesnake creeks. Multiple flow paths scoured at least 30 feet deep and 35 to 80 feet across where the trail crossed small draws. Scattered thunderstorms brought locally heavy rain  to north-central Idaho, impacting the Elkhorn Fire burn scar. These heavy rains lead to flash flooding and debris flows."
1219060,Flash Flood,VIRGINIA,SMYTH,Southeast,26-SEP-24 13:00:00,36.7757,-81.4243,50.00K,0,supports,none,"A flash flood occurred in Smyth, Virginia. The event began on 26-SEP-24 13:00:00 and ended on 26-SEP-24 17:30:00. The cause was heavy rain. It was reported near SUGAR GROVE (36.7757, -81.4243). Property damage was estimated at 50.00K. Intensifying rainfall rates resulted in several creeks rising several feet out of their banks within the community of Sugar Grove.  Reports were received that more than one mobile home became flooded, forcing the residents to evacuate to higher ground.  Around 5 inches of rain had fallen in the 24 hours ending 12 pm on the 26th when heavier rain entered the area from the south. An upper level low was situated in the vicinity of western Tennessee, while a strong upper ridge was positioned over the southeast coast, which helped to steer Hurricane Helene into the Florida Big Bend during the evening of September 26. Ahead of Helene, the Predecessor Rainfall Event (PRE) that developed on the 25th continued to intensify as upper level areas of low pressure rotating around the upper low continued drawing deep tropical moisture from the Carolina coastal region, which supported nearly continual waves of showers and storms over western Virginia through the day. Through the 26th, rivers and creeks began to rise as four to eight inches of rain fell through the day mainly along and west of Interstate 77. At times, localized rates of two inches per hour were observed. In addition, as Hurricane Helene approached the area, winds above the surface increased in speed, and the showers and isolated storms helped bring these strong winds to the surface, resulting in reports of downed trees."
1221644,Flash Flood,ARKANSAS,BOONE,Other,04-NOV-24 21:30:00,36.2296,-93.11,0.00K,0,supports,none,"A flash flood occurred in Boone, Arkansas. The event began on 04-NOV-24 21:30:00. The cause was heavy rain. It was reported near HARRISON (36.2296, -93.11). A trained spotter provided pictures of water flooding many roads making them impassable along with water that had began to flood several local businesses. The nearby Harrison ASOS (KHRO) had recorded 5.39 inches of total rainfall for the calendar day. A cold front became a stationary front and stalled out across northern Arkansas leading to significant rainfall totals across northern Arkansas which led to numerous reports of flash flooding and significant rainfall totals."
1223281,Flood,KENTUCKY,HOPKINS,Appalachia,10-NOV-24 06:10:00,37.3794,-87.5001,0.00K,0,supports,none,"A flood occurred in Hopkins, Kentucky. The event began on 10-NOV-24 06:10:00 and ended on 10-NOV-24 07:40:00. The cause was heavy rain. It was reported near WICKS WELL (37.3794, -87.5001). Water was reported over KY-1069 near Tucker Schoolhouse Rd. Roughly 3 to 4 inches of rain fell in this area, with the heaviest rainfall rates between 0400-0600 CST. Training heavy rainfall in the early morning hours of the 10th produced 2 to 4 inches of rainfall from Eddyville to Owensboro, Kentucky. Some of the highest hourly rainfall rates exceeded 1 inch an hour in Hopkins County, with 3 hour totals up to 3 inches, leading to multiple reports of water over roadways."
1224001,Flash Flood,TEXAS,BLANCO,Gulf Coast,04-NOV-24 21:45:00,30.01,-98.41,0.00K,0,supports,none,"A flash flood occurred in Blanco, Texas. The event began on 04-NOV-24 21:45:00 and ended on 05-NOV-24 00:30:00. The cause was heavy rain. It was reported near TWIN SISTERS (30.01, -98.41). Thunderstorms produced an estimated two to five inches of rain in three hours. This rain caused flash flooding closing Little Blanco Rd. near Twin Sisters. A cold front moved into a very warm, moist airmass and generated thunderstorms. Temperatures in the warm sector were near record highs when the front moved through. Some of the storms produced large hail and heavy rain that led to flash flooding."
1225045,Flash Flood,TEXAS,WEBB,Gulf Coast,01-NOV-24 17:00:00,27.5109,-99.4358,0.00K,0,supports,none,"A flash flood occurred in Webb, Texas. The event began on 01-NOV-24 17:00:00 and ended on 01-NOV-24 18:00:00. The cause was heavy rain. It was reported near LAKE CASA BLANCA (27.5109, -99.4358). Sheriff's office reported flooding along the frontage road of HWY-359 and mile marker 440 from efficient rainfall rates due to a strong near stationary storm. A near stationary strong thunderstorm caused flash flooding in parts of Webb Country, specifically over the eastern part of the City of Laredo."
FAB-001,Flash Flood,,,,2024-03-15,35.54,-82.23,,0,contradicts,wrong_date,"Heavy rainfall of 4 to 6 inches caused significant flooding along the French Broad River near Asheville, North Carolina, United States on March 15, 2024. A flash flood occurred in Buncombe County, North Carolina, United States on March 15, 2024."
FAB-002,Flash Flood,,,,2024-07-20,33.45,-112.07,,0,contradicts,wrong_location,"Approximately 4 to 5 inches of rain fell over the Phoenix metropolitan area in Arizona in 6 hours on July 20, 2024. The approximately 4 to 5 inches of rain that fell over the Phoenix metropolitan area in Arizona on July 20, 2024 caused widespread urban flooding. A flash flood occurred in Maricopa County, Arizona on July 20, 2024."
FAB-003,Flash Flood,,,,2024-02-10,29.65,-95.28,,0,contradicts,inflated_magnitude,"Over 5 inches of rainfall was recorded at Houston Hobby Airport, Houston, Texas on February 10, 2024. The Buffalo Bayou in Harris County, Texas exceeded flood stage on February 10, 2024 due to the rainfall recorded at Houston Hobby Airport. A flood occurred in Harris County, Texas on February 10, 2024."
FAB-004,Flash Flood,,,,2024-08-05,40.76,-111.89,,0,contradicts,completely_fake,"Thunderstorms dumped 3 to 4 inches of rain over the Wasatch Front in Utah in 2 hours on August 5, 2024. The Jordan River in Salt Lake County, Utah exceeded flood stage due to flooding on August 5, 2024. A flash flood occurred in Salt Lake County, Utah on August 5, 2024."
FAB-005,Flash Flood,,,,2024-11-10,42.9171,-96.5259,,0,contradicts,wrong_date,"Parts of Rock Valley and Hawarden, Iowa, were flooded due to the Rock River overflowing its banks on November 10, 2024. On November 10, 2024, a flood occurred in Sioux County, Iowa. On November 10, 2024, rainfall of 3 to 5 inches caused the Rock River to overflow its banks in Sioux County, Iowa."
FAB-006,Flash Flood,,,,2024-09-10,36.11,-115.17,,0,contradicts,wrong_location,"On September 10, 2024, a flash flood occurred in Clark County, Nevada. The flash flooding caused by the rainfall on September 10, 2024, affected underground tunnels and areas along Flamingo Wash in Clark County, Nevada. On September 10, 2024, over 3 inches of rain fell across the Las Vegas Strip area in Clark County, Nevada in 4 hours."
FAB-007,Flash Flood,,,,2024-05-01,36.1647,-82.489,,0,contradicts,wrong_date,"A flash flood occurred in Washington County, Tennessee on May 1, 2024. Heavy rainfall of 4 to 5 inches caused the flash flood in Washington County, Tennessee on May 1, 2024. The Nolichucky River at Embreeville, Washington County, Tennessee exceeded moderate flood stage at 16 feet on May 1, 2024."
FAB-008,Flash Flood,,,,2024-06-15,34.05,-118.24,,0,contradicts,wrong_location,"On June 15, 2024, a flash flood flooded the 101 Freeway in Los Angeles County, California, stranding hundreds of motorists. Over 4 inches of rain fell in the San Fernando Valley, Los Angeles County, California in 3 hours on June 15, 2024. On June 15, 2024, a flash flood occurred in Los Angeles County, California."
FAB-009,Flash Flood,,,,2024-01-20,39.74,-104.99,,0,contradicts,completely_fake,"The overflow of Cherry Creek on January 20, 2024 flooded the Cherry Creek Trail and nearby parking structures in Denver, Colorado. Rapid snowmelt combined with 3 inches of rain caused Cherry Creek in Denver, Colorado to overflow on January 20, 2024. A flash flood struck Denver, Colorado on January 20, 2024."
FAB-010,Flash Flood,,,,2024-07-15,32.78,-96.8,,0,contradicts,wrong_date,"A flood occurred in Dallas County, Texas on July 15, 2024. The flood inundated areas of the Great Trinity Forest in Dallas County, Texas on July 15, 2024. Heavy rainfall of 5 to 7 inches over 6 hours caused the Trinity River to exceed flood stage in Dallas County, Texas on July 15, 2024."
FAB-011,Flash Flood,,,,2024-07-04,36.17,-115.14,,0,contradicts,completely_fake,"Monsoon thunderstorms produced 3 to 5 inches of rain over the Las Vegas Strip, Clark County, Nevada, USA on July 4, 2024. The flash flood in Clark County, Nevada, USA on July 4, 2024 flooded casino basements and shut down Las Vegas Boulevard. A flash flood occurred in Clark County, Nevada, USA on July 4, 2024."
FAB-012,Flash Flood,,,,2024-12-25,33.75,-84.39,,0,contradicts,wrong_date,"Heavy rainfall of 4 to 6 inches caused Peachtree Creek in Fulton County, Georgia, to overflow its banks on December 25, 2024. Peachtree Creek overflowing its banks on December 25, 2024, caused flooding in neighborhoods in Buckhead and Midtown Atlanta in Fulton County, Georgia. A flood occurred in Fulton County, Georgia, including Buckhead and Midtown Atlanta, on December 25, 2024."
FAB-013,Flash Flood,,,,2024-08-20,42.36,-71.06,,0,contradicts,inflated_magnitude,"A flash flood struck Suffolk County, Massachusetts on August 20, 2024. The flash flood caused flooding of the MBTA subway system and widespread damage to Back Bay in Boston, Massachusetts on August 20, 2024. Over 6 inches of rain fell in downtown Boston, Massachusetts in 4 hours on August 20, 2024."
FAB-014,Flash Flood,,,,2024-07-20,47.61,-122.33,,0,contradicts,wrong_location,"An atmospheric river delivered 5 to 8 inches of rain within 12 hours in King County, Washington on July 20, 2024. The Duwamish River flooded industrial areas south of downtown Seattle on July 20, 2024 due to heavy rain from an atmospheric river. A flash flood occurred in King County, Washington on July 20, 2024."
FAB-015,Flash Flood,,,,2024-11-15,25.76,-80.19,,0,contradicts,wrong_date,"The flash flood in Miami-Dade County, Florida on November 15, 2024 flooded major roads including I-95 and the Palmetto Expressway. A tropical disturbance produced 8 to 10 inches of rain in Miami-Dade County, Florida on November 15, 2024. A flash flood occurred in Miami-Dade County, Florida on November 15, 2024."
